name,mass,semi_major_axis,temp_eq,star_luminosity,star_radius,star_teff,star_mass,radius
109 Psc b,1825.2885390732174,2.051,252.61281284756896,2.8428563636715425,1.79,5600.0,1.13,12.912745802041359
51 Peg b,149.37935109949714,0.052,1320.4122113030705,1.3715070141943284,1.176,5758.0,1.03,21.297063388783492
AF Lep b,1191.8565247300305,8.98,110.28584771658863,1.9904839106199046,1.25,6130.0,1.2,14.571674950220284
BD+20 594 b,22.247988461627237,0.241,588.587849262069,1.1631689770088764,1.08,5766.0,1.67,2.5780655681158966
CoRoT-12 b,291.4486488473168,0.04016,1443.4477508492898,1.1654364584558434,1.116,5675.0,1.078,16.1409322525517
CoRoT-15 b,20150.32097810238,0.045,1744.123340917577,3.126780249989194,1.46,6350.0,1.32,12.554058418651323
CoRoT-16 b,170.03819752815102,0.0618,1212.8865590934615,1.3019204880040134,1.19,5650.0,1.098,13.114507455198256
CoRoT-18 b,1102.8645708835215,0.0295,1528.515129062783,0.7901187102990088,1.0,5440.0,0.95,14.683764757529673
CoRoT-21 b,718.292198903965,0.0417,2044.4395107305054,5.069121818583183,1.95,6200.0,1.29,14.571674950220284
CoRoT-22 b,19.069704395680485,0.092,1007.0816889579663,1.4484606830659563,1.136,5939.0,1.099,4.8803902102507015
CoRoT-23 b,889.9195384650893,0.0477,1658.2381351014633,2.8337174594415813,1.61,5900.0,1.14,12.105699189413777
CoRoT-24 b,5.720911318704146,0.056,935.3921241014941,0.400603229058774,0.86,4950.0,0.91,3.698963641209765
CoRoT-24 c,27.96889978033138,0.098,707.0899824860057,0.400603229058774,0.86,4950.0,0.91,4.931951521613019
CoRoT-29 b,270.15414560547356,0.039,1219.4787879379292,0.5594029378741814,0.9,5260.0,0.976,10.088082657844813
CoRoT-31 b,266.9758615395268,0.0586,1568.5549027943464,3.467933891408137,2.15,5370.0,1.25,16.365111867170473
CoRoT-33 b,18815.441670404747,0.0579,1015.8062877931657,0.5941520962441533,0.94,5225.0,0.86,12.32987880403255
CoRoT-35 b,349.6112472541423,0.0429,1910.9418954573407,4.095133540117886,1.65,6390.0,1.01,18.831087627976984
CoRoT-36 b,216.12331648437888,0.066,1557.3928920760056,4.276063837308475,1.52,6730.0,1.32,15.804662830623538
CoRoT-3 b,6884.163286840656,0.057,1635.6945406349528,3.8808073493871142,1.525,6558.0,1.36,13.338687069817029
CoRoT-7 Ab,6.060987713760448,0.0172,1825.3911042573936,0.5441197830839305,0.87,5313.0,0.93,1.5244213794076606
Gaia DR3 2893941099963718528,17798.39076930179,0.009,4961.307566502301,8.185357625213303,1.23,8800.0,1.72,8.967184584750944
GJ 1132 b,1.6590642824242023,0.0154,578.1038515141057,0.0044200628926964435,0.207,3270.0,0.181,1.1601295056521534
GJ 1245 Ab,10647.251620921605,1.93,40.88413397781146,0.0016368633119634426,0.1641,2865.0,0.135,9.751813235916652
GJ 777 Ad,11.505388318727228,0.3886,464.0886792497766,1.1669206686392732,1.168,5549.0,0.98,2.0176165315689625
GJ 7 b,3.1687492137489075,0.0675,450.6465165340091,0.031000846889869735,0.44,3650.0,0.467,1.359649362662862
GPX-1 b,6261.219609915093,0.0338,2293.164906280329,5.271547257254885,1.56,7000.0,1.68,16.47720167447986
HAT-P-21 b,1291.3368159941635,0.0494,1282.9372098009749,1.0741053832054817,1.105,5588.0,0.947,11.47799626848121
HAT-P-25 b,180.20870653918058,0.0466,1203.2834702030334,0.7592498585764511,0.959,5500.0,1.01,13.338687069817029
HAT-P-28 b,198.96058252826643,0.0434,1381.2297022673704,1.1424602937979438,1.103,5680.0,1.025,13.58528464589768
HAT-P-29 b,247.270500330657,0.0667,1258.7994782266749,1.8555505493864148,1.224,6087.0,1.207,12.408341669149118
HAT-P-31 b,690.0054707170389,0.055,1465.5906125729798,2.2578640302072475,1.36,6065.0,1.218,11.993609382104388
HAT-P-33 Ab,242.50307423173686,0.0503,1839.6837026027247,4.782587360679389,1.777,6401.0,1.403,20.47880779542497
HAT-P-42 b,309.88269642980794,0.0575,1427.5780734151144,2.2913884570096297,1.528,5743.0,1.179,14.313868393408693
HAT-P-44 Bb,124.58873538511253,0.0507,1122.7130824496533,0.6797136456988379,0.979,5295.0,0.939,14.347495335601511
HAT-P-45 Ab,283.5029386824499,0.0452,1649.3798612375165,2.5200037006008684,1.319,6330.0,1.259,15.984006522318557
HAT-P-46 b,156.68940445117468,0.0577,1802.312772378223,5.817354085526812,1.395,7587.0,1.763,14.392331258525266
HAT-P-57 Ab,587.9825522001483,0.0406,2198.250466304266,6.422798822135419,1.5,7500.0,1.47,15.838289772816356
HAT-P-66 b,248.85964236363037,0.04363,1900.3389950774538,4.14245980266697,1.881,6002.0,1.255,17.822279362192504
HAT-P-67 Ab,143.02278296760366,0.06505,1988.938100945992,10.726569872311552,2.648,6417.0,1.292,23.987218764208777
HAT-P-70 b,2154.876596711895,0.04739,2551.3468690840737,15.878702154604587,1.858,8450.0,1.89,20.960793966855334
HATS-16 b,1039.2988895645865,0.03744,1591.0588516052037,1.4989260674872311,1.238,5738.0,0.97,14.571674950220284
HATS-19 b,135.71272961592612,0.0589,1563.6068896720776,3.300845091170696,1.74,5896.0,1.303,18.606908013358208
HATS-21 b,105.51903098943204,0.04676,1283.224509569686,0.9892889204308889,1.021,5695.0,1.08,12.587685360844139
HATS-23 b,467.2077576941719,0.03397,1658.5672679422557,1.447592976320345,1.199,5780.0,1.121,20.848704159545946
HATS-26 b,206.58846428653862,0.04735,1925.1416994812764,5.100326912802334,2.04,6071.0,1.299,19.615716279142692
HATS-27 b,168.44905549517765,0.0611,1674.9709600319502,4.692444377315334,1.74,6438.0,1.415,16.813471096408023
HATS-31 b,279.68899780331384,0.0478,1837.4931230059328,4.226700342695587,1.87,6050.0,1.275,18.382728398739435
HATS-32 b,292.4021340671008,0.04024,1480.8086347356686,1.1460654631953273,1.097,5700.0,1.099,14.000016932942414
HATS-34 b,299.07653060558897,0.03166,1443.3549835705912,0.7259020141365041,0.98,5380.0,0.955,16.02884244524231
HATS-37 Ab,31.465012252872807,0.04913,1102.4031017341263,0.5583423659321693,0.877,5326.0,0.843,6.79264232294884
HATS-40 b,505.34716648553297,0.04997,2121.9007998634374,8.024975175907203,2.26,6460.0,1.56,17.710189554883115
HATS-41 b,3082.9355439683454,0.0583,1710.6799328861805,4.492738045243736,1.71,6424.0,1.496,14.907944372148446
HATS-42 b,597.5174043979886,0.03689,1863.40248129538,2.665082606097529,1.48,6060.0,1.273,15.692573023314152
HATS-44 b,177.9839076930179,0.03649,1192.2053254437687,0.4310408368138948,0.847,5080.0,0.86,11.959982439911572
HATS-46 b,54.98431434087873,0.05367,1107.0038325309795,0.5985019872300804,0.853,5495.0,0.917,10.12170960003763
HATS-50 b,123.95307857192317,0.05046,1412.602639180115,1.4491401298063529,1.117,5990.0,1.168,12.666148225960708
HATS-51 b,244.09221626471023,0.04639,1569.3984259647482,2.0564036864221507,1.44,5758.0,1.187,15.804662830623538
HATS-55 Ab,292.7199624736955,0.05412,1368.2211112501009,1.7055267055451728,1.126,6214.0,1.1955,14.022434894404288
HATS-62 Ab,56.89128478044678,0.04163,1248.472600952331,0.670653728078684,0.923,5435.0,0.911,11.825474671140308
HATS-69 b,183.38699060512735,0.03211,1347.5060923623353,0.4848624391715771,0.8785,5137.0,0.892,10.592486790737052
HATS-8 b,43.860320110065125,0.04667,1346.9991811232303,1.1067355812381885,1.086,5679.0,1.056,9.785440178109468
HD 106315 b,10.488337417624269,0.0907,1156.3005541614314,2.4432887191666435,1.3,6327.0,1.09,2.3987218764208778
HD 106315 c,12.077479450597641,0.1536,893.1006314333902,2.4432887191666435,1.3,6327.0,1.09,4.380469669650836
HD 183579 b,9.598417879159179,0.1334,766.186000564951,0.9823885639148405,0.985,5788.0,1.031,3.5297080321725907
HD 191939 b,9.852680604434918,0.078,910.8811658190328,0.6988752340557768,0.945,5427.0,0.81,3.39632116147442
HD 191939 c,7.2147048296991185,0.17,616.9991460715778,0.6988752340557768,0.945,5427.0,0.81,3.080227904861949
HD 191939 d,5.784477000023082,0.207,559.1442342549708,0.6988752340557768,0.945,5427.0,0.81,3.03987557423057
HD 207496 Ab,6.102305406617756,0.0629,818.0476318085856,0.28772469090506675,0.769,4819.0,0.8,2.249642432699393
HD 214823 Ab,5914.786646726898,3.08,233.60014017952187,4.652158208286809,2.04,5933.0,1.31,12.128117150875653
HD 21520 b,7.9139273242074015,0.1726,696.2660698707258,1.1682776441252356,1.044,5871.0,1.09,2.696992853671156
HD 260655 b,2.1389851763821612,0.02933,709.6079705070119,0.036368977358126296,0.439,3803.0,0.439,1.2397132688418182
HD 33632 Ab,16431.728620944687,24.1,62.63793335879749,1.4858715523344692,1.1,6074.0,1.1,10.87271130901052
HD 4113 Ac,10742.600142900006,50.438,42.79555801371603,1.0844860758314572,1.084,5655.45,1.0,16.253022059861088
HD 73583 Ab,10.20229185168906,0.0604,746.8246874681898,0.18832360244570515,0.71,4511.0,0.66,2.7899153039306377
HD 97334 C,15160.414994565988,2.85,172.91187906313453,1.2047555078605283,1.048,5905.0,1.07,11.62371301798341
HIP 113103 b,5.91160836266095,0.06899,782.4941564827469,0.2934217041236059,0.742,4930.0,0.761,1.8289693858672647
HIP 113103 c,8.390669934099414,0.10479,634.9130524032388,0.2934217041236059,0.742,4930.0,0.761,2.3998427744939717
HIP 65 Ab,1021.1826703886901,0.01782,1410.9817410229962,0.21002187456558272,0.7242,4590.0,0.781,22.75423088380552
HIP 94235 Ab,11.187559912132553,0.0787,1084.7303048050321,1.3556311409956658,1.08,5991.0,1.094,3.2080102851946504
K2-106 c,5.720911318704146,0.1091,815.1291077359886,0.8625148761511459,0.98,5617.0,0.97,2.840355717219862
K2-123 b,2828.6728186926057,0.1649,368.2038286150687,0.08324821437029119,0.59,4035.0,0.62,2.7574092598109154
K2-137 b,158.9142032973374,0.0058,1466.6276700141748,0.025971620033085042,0.44,3492.0,0.46,0.8855094777441558
K2-138 b,3.114718384627813,0.0338,1337.414325991873,0.5581833032135771,0.86,5378.0,0.93,1.5692573023314154
K2-138 c,6.293002450574561,0.04454,1152.672699962487,0.5581833032135771,0.86,5378.0,0.93,2.5220206644612033
K2-138 d,7.9139273242074015,0.05883,1007.6546448642481,0.5581833032135771,0.86,5378.0,0.93,2.656528433232467
K2-138 f,1.589142032973374,0.1043,758.0140079338408,0.5581833032135771,0.86,5378.0,0.93,2.8134541634656087
K2-138 g,4.29068348902811,0.231,500.5951451595885,0.5581833032135771,0.86,5378.0,0.93,3.0129740204763173
K2-182 b,20.023189615464513,0.0526,971.4997061094887,0.4109207052264523,0.8,5165.0,0.88,2.690155375425283
K2-18 b,8.921443373112522,0.1429,283.80796992841,0.021660175891169614,0.41,3457.0,0.36,2.3650949342280616
K2-199 b,6.896876423104443,0.0382,945.6793616564796,0.1947058724544221,0.68,4648.0,0.73,1.7295457267838383
K2-19 c,12.49065637917072,0.0971,780.2222636607994,0.5800867801034018,0.86,5430.0,0.93,4.864697637227388
K2-222 b,5.689128478044679,0.1211,879.2483961941366,1.4436663017913305,1.09,6058.0,1.0,2.4099308571518163
K2-229 c,21.294503241843213,0.0769,821.4609865704903,0.4493285408735635,0.79,5315.0,0.87,2.028825512299901
K2-229 d,25.108444120979307,0.182,545.0939212697907,0.4493285408735635,0.79,5315.0,0.87,2.649803044793904
K2-233 b,3.3054154285846176,0.03317,1127.4093204273704,0.29660671745887596,0.74,4950.0,0.8,1.401122591367335
K2-233 d,8.295321412121012,0.1527,525.4541641323718,0.29660671745887596,0.74,4950.0,0.8,2.6453194525015284
K2-236 b,27.01541456054736,0.1493,892.9516242567602,2.364802619841099,1.39,6069.0,1.17,5.761416095702482
K2-238 b,273.3324296714203,0.046,1596.1045623409213,2.291524872130065,1.59,5630.0,1.19,14.571674950220284
K2-266 Ac,0.2892238500011541,0.0679,691.5748288867462,0.1758233014158725,0.7337,4362.0,0.68,0.7061657860491369
K2-266 Ad,8.899195384650895,0.1035,560.180640657983,0.1758233014158725,0.7337,4362.0,0.68,2.9255439707749957
K2-266 Ae,14.299100012694419,0.1249,509.91462544305796,0.1758233014158725,0.7337,4362.0,0.68,2.734991298349038
K2-285 d,6.499590914861099,0.1178,621.2512610904749,0.34492388596582524,0.79,4975.0,0.83,2.4771847415374486
K2-285 e,10.701282450042699,0.18041,502.00682926335924,0.34492388596582524,0.79,4975.0,0.83,1.9503626471833302
K2-290 Ab,10.901514346197345,0.0923,1229.134247953569,3.2446229618552422,1.51,6302.0,1.19,3.06005173954626
K2-310 b,9.239271779707195,0.098,581.8408107720105,0.17995670925862486,0.673,4581.0,0.69,2.589274548846835
K2-31 Ab,563.827593298953,0.022,1761.0468173611619,0.7767701446675234,1.029,5340.0,0.922,11.881519574795002
K2-32 Ac,8.104624368164206,0.1399,628.1998839406184,0.5080054773920627,0.84,5315.0,0.86,2.734991298349038
K2-32 Ad,6.706179379147638,0.1862,544.5305602645445,0.5080054773920627,0.84,5315.0,0.86,3.2730223734340944
K2-32 Ae,2.0976674835248534,0.04951,1055.9180547276617,0.5080054773920627,0.84,5315.0,0.86,1.0088082657844812
K2-36 Bb,3.8997545489166594,0.0223,1338.1428141261094,0.2660621812327075,0.754,4772.39,0.769,1.4347495335601512
K2-36 Bc,7.799509097833319,0.054,859.9199366181408,0.2660621812327075,0.754,4772.39,0.769,3.119459337420235
K2-38 b,19.069704395680485,0.04994,1321.4668950993782,1.2442012439980883,1.141,5705.0,1.054,1.905526724259576
K2-38 c,9.90035486542412,0.0964,949.5524950429541,1.2442012439980883,1.141,5705.0,1.054,2.421139837882755
K2-39 b,28.60455659352073,0.062,1629.0127572043066,4.516945771467379,2.97,4881.0,0.66,6.277029209325661
K2-3 b,6.480521210465419,0.0775,505.00468631600364,0.06518513874007326,0.56,3896.0,0.6,2.174542261802104
K2-3 c,2.1389851763821612,0.1405,375.06634595147204,0.06518513874007326,0.56,3896.0,0.6,1.8494818206048824
K2-3 d,2.800068262099085,0.2086,307.81452374944683,0.06518513874007326,0.56,3896.0,0.6,1.513212398676722
K2-415 b,2.860455659352073,0.027,412.81136509456206,0.003531035998779515,0.1965,3173.0,0.1635,1.0149732051864977
K2-55 b,43.860320110065125,0.03486,915.2215997242682,0.1411752530775931,0.63,4456.0,0.7,3.8222624292500904
K2-66 b,21.300859809975105,0.05983,1499.7748542400477,3.0220791384863803,1.67,5887.0,1.11,2.488393722268387
K2-95 b,530.7734390131069,0.0696,421.642883767274,0.02521911097902401,0.42,3548.0,0.44,3.8783073329047832
KELT-11 Ab,61.976539285961586,0.06229,1711.129466414812,5.550494776028981,2.72,5370.0,1.438,14.571674950220284
KELT-12 b,301.936986264941,0.0617,1396.231870287662,2.414149005364045,1.291,6330.0,1.239,20.06407550838024
KELT-1 Ab,8654.467511572995,0.02472,2423.828599644529,3.5192198239395545,1.471,6516.0,1.335,12.890327840579483
KELT-6 b,139.84449890165692,0.0747,1368.4485183994996,3.263893030368781,1.529,6272.0,1.126,12.666148225960708
KELT-8 b,277.7820273637458,0.04571,1677.344706391721,2.7580943580993913,1.67,5754.0,1.211,20.848704159545946
Kepler-101 b,50.85254505514797,0.0474,1569.1434062159035,2.2644294510060425,1.56,5667.0,1.17,5.716580172778727
Kepler-101 c,3.178284065946748,0.0684,1305.0307916281097,2.2644294510060425,1.56,5667.0,1.17,1.2554058418651322
Kepler-103 b,9.852680604434918,0.133,930.8190108007537,2.18353316946949,1.44,5845.0,1.09,3.373903200012543
Kepler-103 c,36.23243835179293,0.6679,414.37060391295967,2.18353316946949,1.44,5845.0,1.09,5.144922155500854
Kepler-104 Ab,9.952478724105648,0.09286,1088.6315171360172,2.0208986263485267,1.35,5921.0,1.08,2.379666609178282
Kepler-104 Ac,7.144305837638397,0.15088,854.0423471825892,2.0208986263485267,1.35,5921.0,1.08,2.359490443862592
Kepler-104 Ad,1760.7693725344984,0.2542,657.9720870237261,2.0208986263485267,1.35,5921.0,1.08,2.6350071902290653
Kepler-105 b,5.085254505514797,0.066,1064.5160184330289,0.8238664792495728,0.89,5827.0,0.96,4.808652733572694
Kepler-107 b,3.5088256088052097,0.04544,1594.5966805292571,2.227632904412947,1.45,5854.0,1.24,1.5356303601385994
Kepler-107 d,3.8012277428723107,0.08377,1174.4262758904538,2.227632904412947,1.45,5854.0,1.24,0.8630915162822784
Kepler-107 e,8.6004366824519,0.12639,956.1227680303275,2.227632904412947,1.45,5854.0,1.24,2.9031260093131186
Kepler-117 b,29.87587021989943,0.1445,990.1922712808016,3.3454070095926696,1.61,6150.0,1.13,8.059257145544912
Kepler-11 b,1.9069704395680487,0.091,932.2279894678758,1.0425447951063027,1.06,5663.0,0.96,1.8046458976811277
Kepler-11 c,2.860455659352073,0.107,859.5628032136997,1.0425447951063027,1.06,5663.0,0.96,2.8694990671203024
Kepler-11 f,1.9069704395680487,0.25,562.3050229591797,1.0425447951063027,1.06,5663.0,0.96,2.488393722268387
Kepler-11 g,25.108444120979307,0.466,413.0239520727758,1.0425447951063027,1.06,5663.0,0.96,3.329067277088788
Kepler-1229 Ab,2.5394489686914516,0.3006,249.67334345985645,0.05859090644713067,0.5658,3774.0,0.559,1.3394731973471723
Kepler-138 b,0.06674396538488171,0.0746,449.8156170080096,0.0380171300985592,0.44,3841.0,0.52,0.526822094354118
Kepler-1513 Ab,48.309917802390565,0.5416,355.0131053767956,0.7402011113089051,0.95,5491.0,0.943,8.594037616217996
Kepler-1647 (AB)b,483.09917802390567,2.7205,243.00242604833332,4.299017470710215,1.79,6210.0,2.1885,11.881519574795002
Kepler-1654 b,158.9142032973374,2.026,207.78280498050748,1.2327698084668006,1.18,5597.0,1.01,9.18015521863878
Kepler-1655 b,4.999440835734235,0.103,937.4911068511279,1.367434812547679,1.03,6148.0,1.03,2.2081692039949203
Kepler-1656 b,47.80139235183909,0.1974,759.0212057279962,1.1776161459658938,1.1,5731.0,1.03,5.021623367460529
Kepler-1659 b,9.00090047476119,0.112293,761.0692303156052,0.7058905350840273,0.97,5370.0,1.02,1.905526724259576
Kepler-1659 c,4.598977043424944,0.14728,664.5569498615545,0.7058905350840273,0.97,5370.0,1.02,1.905526724259576
Kepler-167 Ae,1271.3136263786992,1.883,148.6051233541857,0.2879804485827573,0.749,4884.0,0.777,10.15982013452282
Kepler-1708 b,1462.0106703355038,1.64,250.4218405455791,1.6176319196494966,1.117,6157.0,1.088,9.960300277512111
Kepler-1710 Ab,3.4951589873216387,0.1157,753.5263127603297,0.7201516548956549,0.91,5572.0,0.983,2.5870327527006474
Kepler-1876 b,2.4154958901195283,0.0758,1300.6172406439073,2.7433314222724996,1.48,6104.0,1.19,0.8530034336244336
Kepler-18 b,6.992224945082845,0.0447,1284.3658074226855,0.9072637171479963,1.11,5345.0,0.97,1.9951985701070851
Kepler-1971 b,0.340076395056302,0.008,1198.5154292323605,0.022035253313840743,0.4,3515.0,0.41,0.5100086232577099
Kepler-1972 Ab,2.0213886659421316,0.0794,1171.9499118131612,1.9799936400453217,1.384,5818.0,1.12,0.8020025712986626
Kepler-1972 Ac,2.1103806197886406,0.1025,1031.1304126277748,1.9799936400453217,1.384,5818.0,1.12,0.8680234678038914
Kepler-197 Ac,5.403082912109472,0.0883,1065.0969974956051,1.668965642351292,1.2094,5963.52,1.093,1.3079759614932347
Kepler-2002 b,7310.05335167752,0.1357,860.8374421130512,1.5742267434110861,1.2,5900.0,0.91,2.80224518273467
Kepler-20 Ab,9.52309254679624,0.045862,1184.5841570572018,0.690776724056303,0.9164,5495.0,0.929,2.0069679998745706
Kepler-20 Ad,12.946104485820888,0.349,429.36913420571074,0.690776724056303,0.9164,5495.0,0.929,2.4919805961022874
Kepler-20 Af,14.302278296760365,0.13936,679.4765390385583,0.690776724056303,0.9164,5495.0,0.929,0.9420027406280868
Kepler-21 Ab,6.680753106620064,0.0434281,2012.148130580569,5.157724448301476,1.902,6305.0,1.408,1.6499619635941738
Kepler-223 c,5.10114592584453,0.088,1246.1939679193367,3.0812707584988677,1.72,5829.0,1.12,3.4411570843981747
Kepler-223 e,4.799208939579589,0.14,985.5279434899659,3.0812707584988677,1.72,5829.0,1.12,4.595682099684859
Kepler-22 b,9.0898924286077,0.812,279.1533713705875,0.6681086945430306,0.869,5596.0,0.857,2.0960793966855333
Kepler-25 Ab,10.810297593504673,0.06944,1381.4990576346459,2.930782071942516,1.477,6212.0,1.19,2.7040545115316474
Kepler-289 b,7.31005335167752,0.21,630.3499911291585,1.1614594100022946,1.0,5990.0,1.08,2.1521243003402266
Kepler-297 c,41.953349670497076,0.3292,458.51292256533117,0.7992626707342294,0.89,5783.0,1.04,6.389119016635047
Kepler-29 b,4.999440835734235,0.09,738.5744352326559,0.4021848056821461,0.73,5378.0,0.76,2.5444386259230805
Kepler-324 d,2.231155414294617,0.1949,519.9588404714613,0.46330085393318865,0.84,5194.0,0.86,1.129865257678619
Kepler-338 b,30.60687555506718,0.117,1101.650033998736,3.3617249275915504,1.74,5923.0,1.1,2.4435577993446325
Kepler-37 b,3.178284065946748,0.1003,733.0864841750935,0.48482641349999456,0.79,5417.0,0.87,0.2914334990044057
Kepler-37 d,5.403082912109472,0.2109,506.8427226841325,0.48482641349999456,0.79,5417.0,0.87,1.9391536664523916
Kepler-391 c,450.04502373805946,0.161,1132.37583824303,6.847640869227561,3.57,4940.0,1.22,3.542037910976623
Kepler-407 Ab,1.6689169630286371,0.0153,2194.7674745736945,0.9063594763685695,1.057,5476.0,0.96,1.1610262241106286
Kepler-411 Ad,15.198554403357349,0.2757,403.0832302530617,0.33206935736287485,0.82,4837.0,0.87,3.3760329063514214
Kepler-416 b,58.16259840682549,0.0658,1102.53267862486,1.0675327957325786,1.089,5620.27,1.0,2.710331540740973
Kepler-419 b,794.571016486687,0.37,779.6203483833475,4.669164077996226,1.74,6430.0,1.39,10.760621501701133
Kepler-420 Ab,460.8511895622784,0.382,512.7198072041273,1.069571803275786,1.13,5520.0,0.99,10.53644188708236
Kepler-425 b,79.4571016486687,0.0464,1088.8630758334111,0.4767117123308635,0.86,5170.0,0.93,10.96238315485803
Kepler-427 b,92.17023791245568,0.091,1131.452863714847,1.860699575795205,1.35,5800.0,0.96,13.787046299054577
Kepler-433 b,896.2761065969828,0.0679,1772.4908279776052,7.539492061459298,2.26,6360.0,1.46,16.253022059861088
Kepler-434 b,908.9892428607699,0.1143,1003.6278033153092,2.192744061552734,1.38,5977.0,1.2,12.666148225960708
Kepler-435 b,266.9758615395268,0.0948,1731.581710687836,13.394041720308179,3.21,6161.0,1.54,22.305871654567973
Kepler-447 b,435.4249170347045,0.0769,980.622734906563,0.9055527245979067,1.05,5493.0,1.0,18.494818206048823
Kepler-448 b,349.6112472541423,0.154,1032.9065606864428,4.236171249993311,1.491,6779.23,1.454,13.787046299054577
Kepler-454 Ab,5.403082912109472,0.09528,917.2637996983797,1.0723685526809708,1.066,5687.0,1.03,2.369578526520437
Kepler-45 b,160.50334533031076,0.03,789.9111696184455,0.05811330537789074,0.55,3820.0,0.59,10.760621501701133
Kepler-46 b,1906.9704395680487,0.1968,512.9233271473383,0.4473030209971529,0.79,5309.0,0.902,9.056856430598454
Kepler-494 b,11759.651044002967,0.08,1220.9652101279771,2.2917002929739874,1.4,6000.0,1.1,8.967184584750944
Kepler-51 b,2.2247988461627237,0.2514,511.9276683989506,0.7237370398391175,0.881,5670.0,0.985,7.095284802684185
Kepler-51 c,4.131769285730772,0.384,414.14206056037744,0.7237370398391175,0.881,5670.0,0.985,9.00081152694376
Kepler-539 b,308.2935543968345,0.4988,395.3773473272481,0.9341914680206115,0.95,5820.0,1.05,8.373108606011195
Kepler-55 Ac,69.79511808819058,0.2095,391.78655674545627,0.17255586737125914,0.715,4398.0,0.69,1.8494818206048824
Kepler-63 b,120.13913769278707,0.08,927.7180098610716,0.7064360062171571,0.9,5576.0,0.98,6.108894498361582
Kepler-65 d,10.806165824218944,0.084,1228.5995192418056,2.669199837075961,1.41,6211.0,1.25,1.5244213794076606
Kepler-68 b,7.650129746733823,0.0617,1261.8481907593728,1.6105059052524655,1.259,5793.0,1.064,2.309050030573368
Kepler-68 c,2.040458370337812,0.09059,1041.3807886049613,1.6105059052524655,1.259,5793.0,1.064,0.9269827064486288
Kepler-79 b,10.901514346197345,0.117,992.4094341500877,2.215388783622408,1.3,6174.0,1.17,3.474784026590991
Kepler-79 c,6.038739725298821,0.187,785.0542625285437,2.215388783622408,1.3,6174.0,1.17,3.721381602671642
Kepler-79 d,6.038739725298821,0.287,633.6721068004936,2.215388783622408,1.3,6174.0,1.17,7.162538687069817
Kepler-79 e,4.131769285730772,0.386,546.3686406613228,2.215388783622408,1.3,6174.0,1.17,3.48599300732193
Kepler-84 Ac,20.213886659421316,0.1072,945.4018301892595,1.5318593144617214,1.131,6036.0,0.987,3.1497235853937697
Kepler-86 b,108.80855499768691,0.824,302.0877624355859,0.9057779455851924,1.0,5629.0,0.94,9.489523086812687
Kepler-89 Ab,5.757461585462534,0.05119,1588.068119271492,2.692749553782221,1.4286,6184.0,1.183,1.6379683542120695
Kepler-89 Ac,6.206553123980809,0.1013,1148.8200783966545,2.692749553782221,1.4286,6184.0,1.183,3.864071927376491
Kepler-89 Ae,8.093881768021307,0.3046,645.8218780329529,2.692749553782221,1.4286,6184.0,1.183,6.116068246029382
KOI-134 b,317.8284065946748,0.364,660.1038069442425,4.192487005820764,1.8,6154.0,1.17,12.105699189413777
KPS-1 b,346.4329631881956,0.0269,1446.2092241607943,0.5281929800528683,0.907,5165.0,0.892,11.545250152866842
L 98-59 b,0.4131769285730772,0.02191,600.8899110021529,0.010390717976514493,0.291,3415.0,0.32,0.8496407394051521
LHS 1815 b,4.195334967049707,0.0404,618.6152891570758,0.03988493458267782,0.501,3643.0,0.502,1.0880557595522178
MASCARA-1 b,1175.9651044002967,0.043,2545.5738321720696,12.95517425273245,2.1,7554.0,1.72,16.813471096408023
NGTS-10 Ab,687.1450150576869,0.0143,1481.2704004914547,0.1642755801171281,0.697,4400.0,0.696,13.506821780781111
NGTS-11 c,20.023189615464513,0.099,705.9415461410813,0.4061710002168678,0.832,5050.0,0.862,4.808652733572694
NGTS-15 b,238.68913335260078,0.0441,1255.9611836829847,0.8075057152645952,0.954,5600.0,0.995,12.32987880403255
NGTS-16 b,211.9915471986481,0.0523,1288.860271410393,1.2594771176957935,1.213,5550.0,1.002,14.571674950220284
NGTS-17 b,242.82090263833155,0.0391,1593.158813933571,1.643438108057938,1.337,5650.0,1.025,13.899136106363963
NGTS-18 b,129.99181829722198,0.0448,1507.9146817402848,1.7315166138611693,1.392,5610.0,1.003,13.562866684435804
NGTS-1 b,258.07666615487597,0.0326,791.6958913721595,0.06965891791710531,0.573,3916.0,0.617,14.907944372148446
NGTS-34 b,19.101487236339956,0.257,682.1733750876414,2.386760616945941,1.367,6134.0,1.266,3.6496441259936345
NGTS-3 Ab,756.431607695326,0.023,1707.9141995803786,0.7510752053193149,0.93,5570.0,1.017,16.589291481789246
NGTS-4 b,20.595280747334925,0.019,1648.9696589584387,0.4453704687144086,0.84,5143.0,0.75,3.1799878333673037
NGTS-6 Ab,422.71178077091747,0.016623018,1335.884372520646,0.14684487164940718,0.656,4410.0,0.7876,14.246614509023063
OGLE-TR-182 b,336.8981109903553,0.051,1414.224205120001,1.7361089373005807,1.25,5924.0,1.08,16.47720167447986
OGLE-TR-56 b,413.17692857307725,0.0225,2234.5206836444318,2.106037540997109,1.32,6050.0,1.17,13.450776877126417
PZ Tel b,8581.36697805622,27.0,57.14746071389342,1.1082079160857616,1.23,5338.0,1.13,27.125733368871607
Qatar-10 b,233.92170725368064,0.0286,1955.3937896753662,1.995411856753717,1.254,6124.0,1.156,17.194576441259937
tau Boo Ab,1837.0481901172204,0.046,1737.466867395567,3.2073853199754945,1.426,6466.27,1.32,11.881519574795002
TIC 365102760 b,19.196835758318358,0.0622,1668.2494148789567,4.56955735843438,3.23,4694.0,1.21,6.20977532494003
TOI-1052 Ab,16.9084712308367,0.09103,1108.9070304210582,2.056653452529704,1.264,6146.0,1.204,2.8694990671203024
TOI-1064 c,2.510844412097931,0.09429,634.0435328779961,0.23882676893520743,0.726,4734.0,0.748,2.651036032674307
TOI-1135 b,20.430009975905698,0.082,1111.0033046161257,1.7052420240472093,1.16,6122.0,1.125,8.967184584750944
TOI-1136 b,3.4961124725414225,0.05106,1211.562921888345,0.937024,0.968,5770.0,1.022,1.905526724259576
TOI-1136 f,8.21904259453829,0.174,656.2550434653481,0.937024,0.968,5770.0,1.022,3.8805491290509715
TOI-1136 g,12.077479450597641,0.229,572.158002940622,0.937024,0.968,5770.0,1.022,2.52986695097286
TOI-1221 b,1112.3994230813619,0.39,441.061262768489,0.9390628655081433,0.993,5700.0,1.03,2.9098513977516816
TOI-1238 b,3.759910050015003,0.0139,1283.9869078601823,0.08484400809342321,0.58,4089.0,0.59,1.2094490208682835
TOI-1273 b,70.5579062640178,0.0549,1206.081875486693,1.0625699837656817,1.06,5690.0,1.06,11.096890923629294
TOI-1278 b,5879.8255220014835,0.095,449.91168733973,0.061699716074400994,0.573,3799.0,0.55,12.217788996723163
TOI-1408 b,593.0678067056632,0.05778,1517.8505493756336,2.9568788509392,1.53,6117.0,1.31,24.996027029993257
TOI-1448 b,19.514664164913032,0.0567,433.3888450695654,0.01765631346638238,0.38,3412.0,0.37,2.749562973299258
TOI-1452 Ab,4.821456928041217,0.061,326.09501807016125,0.007021014690280923,0.275,3185.0,0.249,1.672043655634123
TOI-1470 c,7.240131102226692,0.106,389.97876710916586,0.03755517293074145,0.469,3709.0,0.471,2.470459353098885
TOI-1518 b,581.6259840682549,0.03712,2551.3786017424363,9.742208289151213,1.95,7300.0,1.79,21.050465812702843
TOI-1670 b,13.793752846208886,0.103,1121.9026439583502,2.264379331138059,1.316,6170.0,1.21,2.0602106583465294
TOI-1695 b,5.784477000023082,0.033548,696.6107003035074,0.044002260391692485,0.53,3630.0,0.54,1.905526724259576
TOI-1696 Ab,56.79593625846839,0.0235,527.7646494427598,0.007149249751979442,0.2775,3185.0,0.255,3.240516329314373
TOI-1710 Ab,18.40226474183167,0.164,666.5603430309023,0.8706570455768529,0.968,5665.0,0.984,5.150526645866324
TOI-1749 Ab,19.069704395680485,0.0291,835.445632303852,0.0688232899492442,0.55,3985.0,0.58,1.3899136106363963
TOI-1749 Ac,2.0976674835248534,0.0443,677.0858928287888,0.0688232899492442,0.55,3985.0,0.58,2.1196182562205044
TOI-1749 Ad,4.29068348902811,0.0707,535.9761654668199,0.0688232899492442,0.55,3985.0,0.58,2.5197788683150155
TOI-1751 b,17.099168274793502,0.2115,699.7424745107206,1.7279786721614958,1.17,6116.0,1.15,2.7899153039306377
TOI-1759 Ab,6.8015279011260406,0.1176,439.59872051900186,0.08617948181396229,0.6,4036.0,0.61,3.06005173954626
TOI-179 Ab,24.091393219876352,0.0476,1019.1081743224718,0.3835155423769476,0.798,5083.0,0.807,2.7305077060566627
TOI-1836 Ac,7.94571016486687,0.03089,2217.90715913114,3.852767695078774,1.611,6369.0,1.29,2.600483529577774
TOI-2031 Ab,254.26272527573985,0.066,1357.0377143643673,2.465012339165807,1.241,6490.0,1.174,14.201778586099307
TOI-2120 b,6.8015279011260406,0.0377,390.1156536634627,0.0052042863775157615,0.245,3131.0,0.21,2.121972142174002
TOI-2136 b,4.703860417601187,0.054,404.62152371793786,0.013010091881194017,0.34,3342.0,0.34,2.090474906320064
TOI-216 b,17.734825087982856,0.1293,586.6529167953104,0.3261239045378097,0.747,5045.0,0.77,7.690481679497029
TOI-2202 b,310.83618164959194,0.09564,714.8593003300559,0.3982369855552708,0.794,5144.0,0.823,11.20898073093868
TOI-2257 b,5.689128478044679,0.145,250.93043820034427,0.012077971642362602,0.311,3430.0,0.33,2.1940458882739375
TOI-2285 b,19.514664164913032,0.1363,314.27803924833455,0.02884908901585103,0.464,3491.0,0.454,1.7396338094416832
TOI-2295 b,278.09985577034047,0.199,757.6064270158743,2.051914872741126,1.451,5733.0,1.17,16.47720167447986
TOI-2322 b,2.3106125159432858,0.0924,601.9838617911629,0.18708841395261075,0.662,4664.0,0.703,0.9940124112196421
TOI-2322 c,18.084436335236994,0.1362,495.82940684870596,0.18708841395261075,0.662,4664.0,0.703,1.874029488405638
TOI-2338 b,1900.6138714361555,0.158,748.7882974311049,0.9649913836761845,1.05,5581.0,0.99,11.20898073093868
TOI-2382 b,235.19302088005935,0.059,1425.691441251941,2.39977071451553,1.417,6033.0,1.26,12.251415938915978
TOI-238 c,6.706179379147638,0.0749,788.7182185106759,0.3379668650767078,0.75,5080.0,0.788,2.1801467521675733
TOI-2406 b,9.0898924286077,0.0228,448.8517985846539,0.003399744357091851,0.202,3100.0,0.162,2.9401156457252156
TOI-2458 b,13.31065366818498,0.0482,1516.7786810326659,2.0440742003922003,1.32,6005.0,1.05,2.830267634562017
TOI-251 b,317.8284065946748,0.05741,1109.7760536792257,0.8342189442032446,0.881,5875.0,1.036,2.7394748906414135
TOI-2525 c,208.81326313270134,0.249,437.67602276300045,0.3749330615794292,0.785,5096.0,0.849,10.132918580768568
TOI-2583 Ab,79.4571016486687,0.0571,1455.792184873664,2.443617952426132,1.477,5936.0,1.215,14.459585142910898
TOI-260 b,9.41089911926832,0.0943,492.54460622614033,0.0873311565626518,0.607,4026.0,0.616,1.6297857982784842
TOI-2818 b,225.6581686822191,0.0493,1377.3925428251077,1.4597830083158352,1.229,5721.0,0.977,15.277840736269422
TOI-286 c,3.718592357157695,0.213,473.56265326835813,0.38074354007644834,0.78,5132.0,0.83,1.8797460685784166
TOI-2876 b,54.03082912109472,0.0654,928.633960058035,0.5307589174848105,0.873,5271.0,0.939,9.639723428607265
TOI-2986 b,96.61983560478113,0.04489,1623.0455181524867,2.333380509126344,1.458,5906.0,1.122,9.292245025948166
TOI-3135 b,327.36325879251507,0.04756,1292.5453359517376,1.0534899272099087,0.985,5890.0,1.044,13.652538530283312
TOI-3261 b,30.289047148472505,0.01714,1719.959974041267,0.4290012451606125,0.849,5068.0,0.86,3.820020633103902
TOI-3540 Ab,375.03751978171624,0.04289,1499.0999528314755,1.550236687405116,1.228,5810.0,1.081,23.53885953497123
TOI-3682 Ab,69.2865926376391,0.048,1653.3537710748594,2.8728251356318593,1.735,5703.0,1.32,12.800655994731972
TOI-3688 Ab,311.4718384627813,0.0456,1533.110063249232,1.9168431568235775,1.302,5950.0,1.2,13.080880513005441
TOI-3785 b,14.950648246213502,0.043,588.9012269404241,0.03688304738527373,0.5,3576.0,0.52,5.140438563208479
TOI-396 Ab,3.550143301662517,0.0489,1566.015561746333,2.2892133192092476,1.31,6201.0,1.145,1.9951985701070851
TOI-396 Ac,0.8899195384650894,0.0687,1311.7416578332038,2.2892133192092476,1.31,6201.0,1.145,1.9795059970837712
TOI-3980 b,187.51875989085812,0.0494,1615.633840241144,2.774528679455353,1.626,5840.0,1.24,14.459585142910898
TOI-4145 Ab,136.66621483571015,0.04823,1074.7004142218225,0.5177829493794678,0.859,5281.0,0.905,13.305060127624214
TOI-4504 b,9.852680604434918,0.0339,1335.151755923596,0.6093761848988689,0.92,5315.0,0.89,2.690155375425283
TOI-4507 b,29.87587021989943,0.449,457.499101915989,1.4718843029557276,1.039,6235.0,1.15,8.219545569997335
TOI-4641 b,1229.9959335213914,0.173,988.9763765985558,4.764387403669373,1.72,6500.0,1.42,8.182555933585236
TOI-469 b,5.91160836266095,0.107,778.7929647770121,0.7027796706218363,1.0,5283.0,0.91,3.4803885169564603
TOI-4940 b,88.99195384650895,0.165,704.6275318201749,1.1198758461572493,1.163,5504.0,1.012,6.602089650522882
TOI-5218 b,253.94489686914517,0.0469,792.5083973968628,0.14478538731958518,0.708,4230.0,0.739,9.8526940624951
TOI-5300 b,190.69704395680486,0.0295,1043.4698222744512,0.17215798156977363,0.65,4610.0,0.67,9.863903043226038
TOI-5340 b,270.15414560547356,0.0628,1339.2053715045363,2.116759774729182,1.35,5990.0,1.842,15.076079083112525
TOI-5592 b,285.72773752861264,0.03935,1790.2804838366862,2.654222576773342,1.393,6240.0,1.194,17.14974051833618
TOI-5616 b,254.8983820889292,0.0272,939.0540376423628,0.09599833519975624,0.646,3996.0,0.666,10.771830482432073
TOI-5634 Ab,183.06916219853267,0.0272,837.0755828549579,0.06061220171111403,0.54,3896.0,0.556,10.345889214656403
TOI-564 Ab,464.9829588480092,0.02734,1686.201368155767,1.0057029098880728,1.04,5666.0,1.1,11.433160345557454
TOI-5713 b,4.29068348902811,0.06,349.4460611934534,0.008695694912932853,0.2985,3225.0,0.2653,1.7698980574152179
TOI-5800 b,10.806165824218944,0.0345,1144.9138132844046,0.3142427338262055,0.8,4830.0,0.79,2.6800672927674385
TOI-6002 b,3.8139408791360974,0.05722,300.2503025735272,0.004389867994348131,0.21,3241.0,0.24,1.6499619635941738
TOI-603 b,47.51534678590388,0.1281,1020.9857625930038,2.9024702451078186,1.629,5900.75,1.072,7.930353867139117
TOI-6158 b,135.07707280273678,0.03275,637.6381098532086,0.02953425494333249,0.476,3467.0,0.503,10.424352079772973
TOI-620 b,15.414677719841727,0.04825,606.4593717227064,0.051591841328904674,0.55,3708.0,0.577,3.7594921371568333
TOI-6255 b,1.439762681873877,0.0054,1365.4957542799348,0.01691657709218033,0.37,3421.0,0.353,1.0789764851601573
TOI-6883 Ac,113.46474115429889,0.079,1050.4911760866844,1.1679911146348703,1.086,5756.0,1.082,8.877512738903436
TOI-700 b,1.2903833307743797,0.0677,418.26264354816243,0.02334061547877505,0.42,3480.0,0.416,0.91398028880074
TOI-700 c,2.510844412097931,0.0929,357.0104548288643,0.02334061547877505,0.42,3480.0,0.416,2.600483529577774
TOI-700 d,2.4154958901195283,0.1633,269.17823497693064,0.02334061547877505,0.42,3480.0,0.416,1.0730357253727598
TOI-7041 b,114.41822637408292,0.091,1521.5608189762086,7.400411895421643,4.1,4700.0,1.07,11.433160345557454
TOI-712 b,5.593779956066276,0.07928,678.4635921630395,0.18704078004211608,0.674,4622.0,0.732,2.049001677615591
TOI-712 c,8.708498340694089,0.2447,370.2609579916568,0.18704078004211608,0.674,4622.0,0.732,2.7013643561562217
TOI-712 d,7.500750395634324,0.3405,313.77959426089956,0.18704078004211608,0.674,4622.0,0.732,2.4740462269327854
TOI-7166 b,6.3883509725529635,0.0503,329.05752945539814,0.004949790947834115,0.245,3092.0,0.221,2.3897546918361265
TOI-776 c,6.896876423104443,0.1,415.26256549125776,0.04941839450523288,0.538,3709.0,0.544,2.0501225756886847
TOI-782 b,19.101487236339956,0.0578,436.3854961254548,0.0198479864225332,0.413,3370.0,0.397,2.7339824900832537
TOI-836 c,9.598417879159179,0.075,654.1043418548019,0.171296721728899,0.665,4552.0,0.678,2.5870327527006474
TOI-942 b,826.0360287395598,0.04796,1033.9235721412306,0.4386070944947353,0.893,4969.0,0.88,4.809773631645788
TOI-942 c,794.8888448932817,0.0847,778.0120417062691,0.4386070944947353,0.893,4969.0,0.88,5.790559445602922
TRAPPIST-1 b,0.858136697805622,0.01111,400.5983577170662,0.000530430309306159,0.117,2560.0,0.08,1.0860381430206487
TRAPPIST-1 c,1.3793752846208887,0.01521,342.3746387165875,0.000530430309306159,0.117,2560.0,0.08,1.0559980746617332
TRAPPIST-1 d,0.4131769285730772,0.02144,288.3724741044083,0.000530430309306159,0.117,2560.0,0.08,0.7722987723616751
TRAPPIST-1 e,0.6356568131893496,0.02817,251.57885007454576,0.000530430309306159,0.117,2560.0,0.08,0.9180155218638779
TRAPPIST-1 f,0.667439653848817,0.0371,219.22226883392196,0.000530430309306159,0.117,2560.0,0.08,1.0450132735454132
TRAPPIST-1 g,1.3412358758295275,0.0451,198.82827296371437,0.000530430309306159,0.117,2560.0,0.08,1.1265025634593375
WASP-100 Ab,645.1916653871898,0.0457,2022.8357481330443,5.834967430339242,1.774,6733.0,1.44,18.94317743528637
WASP-113 Ab,150.9684931324705,0.05885,1484.6305097299492,2.807566264680133,1.608,5890.0,1.318,15.793453849892602
WASP-119 b,390.92894011145,0.0363,1567.1190315323531,1.323893441653682,1.2,5650.0,1.02,15.692573023314152
WASP-126 b,90.29505031354711,0.0449,1493.5783127995699,1.6467063625789222,1.27,5800.0,1.12,10.760621501701133
WASP-128 b,11820.038441255954,0.0359,1625.284070398907,1.5006159853287253,1.152,5950.0,1.155,10.502814944889545
WASP-132 c,6.261219609915093,0.01833,1453.078083428624,0.24994490924655982,0.758,4686.0,0.789,1.840962995249369
WASP-137 Ab,216.44114489097356,0.0519,1662.6315339361527,3.400822582745818,1.65,6100.0,1.216,14.235405528292125
WASP-140 Ab,775.5013120910064,0.0323,1316.7322096779067,0.5227309675024295,0.87,5260.0,0.9,16.1409322525517
WASP-147 b,87.40281181353558,0.0549,1402.7828670522579,1.947466774014335,1.429,5702.0,1.044,12.498013514996629
WASP-158 b,886.7412543991427,0.0517,1587.702584344339,2.8341396702027217,1.39,6350.0,1.38,11.993609382104388
WASP-165 b,209.13109153929602,0.04823,1626.3130941281756,2.7152805876802923,1.75,5599.0,1.248,14.123315720982738
WASP-168 Ab,133.4879307697634,0.0519,1344.032840778269,1.4666881875033524,1.12,6000.0,1.08,16.813471096408023
WASP-169 b,178.30173609961258,0.0681,1601.057714042122,5.084938790873276,2.011,6110.0,1.337,14.61651087314404
WASP-178 b,448.1380532984914,0.0558,2366.937537580819,16.30719043576346,1.801,8640.0,1.93,21.74542261802104
WASP-195 b,33.054154285846174,0.063,1520.3972380290816,3.538937908768299,1.578,6300.0,1.3,10.312262272463586
WASP-34 b,184.34047582491135,0.0545,1135.6116087622106,0.8236867258908972,0.93,5700.0,1.01,14.123315720982738
WASP-44 b,282.5494534626659,0.03473,1347.7769923769326,0.6641180378361285,0.927,5410.0,0.951,12.778238033270094
WASP-45 Ab,320.0532054408375,0.04054,1196.6591031451899,0.56235795165349,0.945,5140.0,0.909,13.00241764788887
WASP-55 Ab,193.8753280227516,0.0533,1286.5745430197007,1.298846384615772,1.09,5900.0,1.11,14.907944372148446
WASP-58 Ab,282.8672818692606,0.0561,1277.2408250018136,1.3975921258195092,1.17,5800.0,0.94,15.356303601385994
WASP-59 Ab,274.28591489120436,0.0697,665.8029262810767,0.15850008810858587,0.613,4650.0,0.719,8.686960066477477
WASP-60 b,163.36380098966285,0.0531,1318.2278254710727,1.4207396359285052,1.14,5900.0,1.078,9.639723428607265
WASP-67 b,133.4879307697634,0.0517,1028.6106017468144,0.49928512461566293,0.87,5200.0,0.87,15.692573023314152
WASP-72 Ab,459.57987593589974,0.03711,2357.1175617921085,7.09263604093027,2.66,5773.47,1.03,14.235405528292125
WASP-95 b,383.3010583531778,0.0312,1633.8177779483945,1.1574099557861157,1.13,5630.0,1.11,12.307460842570672
WTS-1 b,1274.4919104446458,0.047,1492.6531680411472,1.82059144424599,1.15,6250.0,1.2,16.701381289098634
XO-6 b,1420.6929774781963,0.0742,1652.6438535317334,6.853121911089418,1.93,6720.0,1.47,24.323488186136935
