name,mass,mass_error,star_luminosity,star_luminosity_error,temp_eq,temp_eq_error,semi_major_axis,semi_major_axis_error,star_mass,star_mass_error,star_radius,star_radius_error,star_teff,star_teff_error,radius,radius_error
2MASS J2140+1625 b,6356.568131893496,15891.420329733739,0.00025107368343168796,0.00021873075850914166,18.83100497214314,4.12152744980919,3.53,0.15,0.08,0.06,0.1,0.043,2300.0,80.0,10.312262272463586,4.3715024850660855
2MASS J2206-2047 b,9534.852197840244,14302.278296760365,0.0003310904616363318,0.00010092693714069435,17.756546200303227,1.568280079725879,4.48,0.4,0.13,0.05,0.11,0.015,2350.0,80.0,14.571674950220284,2.0176165315689625
beta Pic b,3782.1580384766303,948.7177936851042,12.219401222386868,1.6347650402496026,165.5303746130593,5.542003499321618,9.93,0.03,1.73,0.05,1.8,0.1,8052.0,150.0,15.132123986767219,0.22417961461877361
beta Pic c,2825.494534626659,238.3713049460061,12.219401222386868,1.6347650402496026,322.53033234457405,10.869519327213066,2.68,0.02,1.73,0.05,1.8,0.1,8052.0,150.0,13.450776877126417,1.120898073093868
DH Tau b,3813.9408791360975,1271.3136263786992,0.23924393849810385,0.055064081082896926,11.101190251978343,2.2723193255191236,330.0,124.5,0.41,0.123,1.26,0.1,3600.0,150.0,29.14334990044057,6.725388438563209
GJ 367  b,0.5460292025296513,0.10011594807732256,0.028832324462744256,0.002818657749501524,1383.8907446046928,35.45042430345648,0.0069,0.0001,0.454,0.011,0.457,0.013,3522.0,70.0,0.5895923864473747,0.020176165315689623
HAT-P-46 b,156.68940445117468,21.29450324184321,5.785202982715644,1.3356150028816391,1802.312772378223,105.77874122945218,0.0577,0.00115,1.763,0.3205,1.395,0.053,7587.0,413.5,14.392331258525266,2.2642141076496136
HAT-P-57 Ab,587.9825522001483,293.9912761000742,6.387301573346721,0.9521627007196418,2198.250466304266,87.16845135748487,0.0406,0.0011,1.47,0.12,1.5,0.05,7500.0,250.0,15.838289772816356,0.6052849594706887
HAT-P-69 b,1137.8256956089358,184.34047582491135,10.97686618757468,1.7759851025390572,1980.8157466991513,80.51246692730051,0.06555,0.000525,1.698,0.025,1.854,0.0325,7724.0,305.0,18.78625170505323,0.4707771906994246
HAT-P-70 b,2154.876596711895,1075.849156322974,15.790944425235715,4.931427018123016,2551.3468690840737,200.0446149995829,0.04739,0.000685,1.89,0.013,1.858,0.105,8450.0,615.0,20.960793966855334,1.401122591367335
HATS-70 b,4099.986445071305,540.3082912109471,12.540021981257276,4.661064481813373,2762.4886820543866,258.77837735540663,0.03632,0.0008049999999999999,1.78,0.12,1.88,0.0625,7930.0,725.0,15.513229331619133,0.857487025916809
HATS-76 b,835.5708809374,28.286728186926055,0.09145623799554477,0.0028039499216166706,940.2552366821787,8.467359812175063,0.02658,0.00025,0.662,0.018500000000000003,0.626,0.008,4016.0,17.0,12.094490208682837,0.3474784026590991
K2-123 b,2828.6728186926057,93.36209443718573,0.08278812171309428,0.005107690978308459,368.2038286150687,5.812819629996597,0.1649,0.0008,0.62,0.01,0.59,0.01,4035.0,52.0,2.7574092598109154,0.15692573023314152
K2-137 b,158.9142032973374,79.44121022833896,0.02582808119849118,0.0051323984160256885,1466.6276700141748,105.18222779954614,0.0058,0.0006,0.46,0.05,0.44,0.04,3492.0,70.0,0.8855094777441558,0.08967184584750945
K2-33 b,1175.9651044002967,587.9809630581154,0.15533935452264033,0.024082090414911737,864.9072855031733,41.41369485283367,0.0409,0.0023,0.56,0.09,1.05,0.07,3540.0,70.0,5.044041328922407,0.3530828930245684
K2-95 b,530.7734390131069,263.7975774735801,0.025079731079163683,0.0020516382220776763,421.642883767274,9.187030790666105,0.0696,0.0006,0.44,0.01,0.42,0.01,3548.0,59.0,3.8783073329047832,1.7486009940264342
kappa And b,5403.082912109471,572.0911318704146,78.38393356260991,4.49319748880576,103.05967597864378,15.52779449751968,78.9,23.0,2.8,0.15000000000000002,2.29,0.06,11361.0,66.0,15.916752637932925,0.6725388438563208
KELT-9 Ab,915.3458109926634,111.23994230813616,53.546790883339284,9.980316773745034,4106.843523801288,197.18393268821842,0.03368,0.00078,2.52,0.225,2.362,0.069,10170.0,450.0,21.700586695097286,0.526822094354118
Kepler-104 Ad,1760.7693725344984,1471.2276941267494,2.009729610580977,0.6707589649957392,657.9720870237261,55.707484820822486,0.2542,0.0073,1.08,0.1375,1.35,0.22,5921.0,106.385,2.6350071902290653,0.14403540239256205
Kepler-13 Ab,2949.4476131985816,50.85254505514797,9.30323705131239,1.289139007027169,2550.1107374226053,93.44756686812107,0.03641,0.00087,1.72,0.1,1.74,0.04,7650.0,250.0,16.947978865179284,0.39231432558285384
Kepler-1647 (AB)b,483.09917802390567,206.58846428653862,4.275257845517092,0.27686639995384776,243.00242604833332,3.954157440135696,2.7205,0.007,2.1885,0.01,1.79,0.006,6210.0,100.0,11.881519574795002,0.11208980730938681
Kepler-1659 b,9.00090047476119,0.2987587021989943,0.7019892495797839,0.2730565850666689,761.0692303156052,78.03498740659089,0.112293,0.0073,1.02,0.136,0.97,0.1,5370.0,442.8,1.905526724259576,0.20176165315689623
Kepler-1659 c,4.598977043424944,0.2987587021989943,0.7019892495797839,0.2730565850666689,664.5569498615545,66.69068823635817,0.14728,0.0073,1.02,0.136,0.97,0.1,5370.0,442.8,1.905526724259576,0.30264247973534436
Kepler-167 Ae,1271.3136263786992,7898.035903877669,0.28638885060301145,0.022784166793021192,148.6051233541857,3.1463890621668247,1.883,0.027,0.777,0.0325,0.749,0.02,4884.0,72.0,10.15982013452282,0.42033677741020053
Kepler-1971 b,0.340076395056302,0.16527077142923088,0.02191346982183603,0.0020398943728133245,1198.5154292323605,35.81848216084126,0.008,0.0003,0.41,0.02,0.4,0.01,3515.0,69.0,0.5100086232577099,0.030264247973534438
Kepler-21 Ab,6.680753106620064,1.398444989016569,5.129218958250322,0.18170732768604145,2012.148130580569,69499.2941253613,0.0434281,3.0,1.408,0.025500000000000002,1.902,0.015,6305.0,50.0,1.6499619635941738,0.020176165315689623
Kepler-448 b,349.6112472541423,683.3310741785508,4.21275896059475,0.46149361175044384,1032.9065606864428,31.51839020588359,0.154,0.0035,1.454,0.2455,1.491,0.06695,6779.23,106.32050000000001,13.787046299054577,0.6164939402016274
Kepler-59 c,435.4249170347045,217.71245851735225,1.0790577977576896,0.2531239959382351,738.8948987136584,43.632517739481614,0.148,0.002,1.04,0.123,0.94,0.1,6074.0,150.0,1.9839895893761463,1.1769429767485615
MASCARA-1 b,1175.9651044002967,286.0455659352073,12.883574151859712,2.658827775012619,2545.5738321720696,197.86954872844495,0.043,0.005,1.72,0.07,2.1,0.2,7554.0,150.0,16.813471096408023,3.3626942192816043
MASCARA-4 Ab,532.3625810460803,76.59664598931663,12.242517067171638,1.8826720679730717,2403.9730015417613,137.86360886919974,0.047,0.004,1.75,0.05,1.92,0.11,7800.0,200.0,17.14974051833618,0.6164939402016274
NGTS-15 b,238.68913335260078,30.193698626494104,0.8030428273450392,1.5176161097538745,1255.9611836829847,596.9934342409985,0.0441,0.0046,0.995,0.3,0.954,0.9,5600.0,150.0,12.32987880403255,1.120898073093868
TOI-1278 b,5879.8255220014835,158.9142032973374,0.061358716732472826,0.0037373138723072433,449.91168733973,7.248635846488051,0.095,0.001,0.55,0.02,0.573,0.012,3799.0,42.0,12.217788996723163,2.4659757608065096
TOI-1431 b,997.9811967072789,60.38739725298821,11.566385596481172,2.1294398983882603,2370.100445738487,120.17912632754734,0.047,0.002,1.9,0.1,1.92,0.07,7690.0,325.0,16.90314294225553,0.6949568053181981
TOI-1518 b,581.6259840682549,149.37935109949714,9.688365470627994,0.7136655529378249,2551.3786017424363,54.4377816007558,0.03712,0.0008,1.79,0.26,1.95,0.048,7300.0,100.0,21.050465812702843,0.47077719069942464
TOI-1820 Ab,731.0053351677519,93.36209443718573,2.2114366303664976,0.19192548161466486,1293.764957897296,469.5951706666838,0.069,0.05,1.04,0.13,1.51,0.06,5734.0,50.0,12.554058418651323,0.22417961461877361
TOI-2005 b,2034.1018022059188,1017.0509011029594,9.461297710494634,1.6971640181527454,1291.7129819062973,102.27298600147186,0.16,0.02,1.59,0.017,2.02,0.16,7130.0,150.0,11.993609382104388,0.8967184584750945
TOI-2202 b,310.83618164959194,19.38753280227516,0.39603602648048264,0.016907397667508674,714.8593003300559,9.648500153907381,0.09564,0.00158,0.823,0.025,0.794,0.007,5144.0,50.0,11.20898073093868,3.3626942192816043
TOI-2379 b,1830.6916219853267,63.56568131893496,0.06512737486034298,0.004585530234224321,623.1430310235505,12.196629578461268,0.05263,0.0009,0.645,0.033,0.62,0.01,3707.0,58.0,11.724593844561861,0.25780655681158965
TOI-2384 Ab,624.8506473651306,19.069704395680485,0.08096165526255439,0.0024118484576522545,889.7716792702663,7.354057985562581,0.0279,0.0002,0.635,0.016,0.611,0.008,3943.0,14.0,11.489205249212146,0.22417961461877361
TOI-2431 b,6.197653928596158,1.2077479450597641,0.10839179094669611,0.004938418891099509,2014.1400194139567,27.961380260554158,0.0063,0.0001,0.661,0.0225,0.651,0.012,4109.0,27.5,1.5359666295605277,0.030264247973534438
TOI-2537 b,413.17692857307725,28.60455659352073,0.2926369599482578,0.03800480491209986,342.2392257035078,11.794492468217657,0.3715,0.008,0.77,0.05,0.77,0.05,4843.0,0.08,11.20898073093868,0.6725388438563208
TOI-3688 Ab,311.4718384627813,34.96112472541423,1.9062492303577225,0.35027688074483654,1533.110063249232,72.21589676898793,0.0456,0.00095,1.2,0.123,1.302,0.1,5950.0,150.0,13.080880513005441,538.0310750850567
TOI-4201 b,822.8577446736131,20.976674835248538,0.0814361993919754,0.00669830089123083,750.3800789806761,15.895861038398484,0.03939,0.0004,0.63,0.02,0.62,0.02,3920.0,50.0,12.699775168153526,0.2690155375425283
TOI-4487 Ab,397.2855082433435,50.85254505514797,3.5533749741476486,1.2505701024235258,1638.9003414590982,144.77044418398376,0.05448,0.000855,1.378,0.0645,1.634,0.046,6206.0,539.0,14.6053018924131,0.7453972186074223
TOI-4773 b,1687.668839017723,111.23994230813616,4.448287334221908,0.6500219868821262,2255.0326104048454,85.01843642304898,0.0322,0.0006,1.452,0.0785,1.55,0.046,6740.0,225.0,15.244213794076607,0.560449036546934
TOI-6255 b,1.439762681873877,0.1398444989016569,0.016823083280164165,0.0017019129667228971,1365.4957542799348,923.6198635613805,0.0054,0.0073,0.353,0.015,0.37,0.011,3421.0,70.0,1.0789764851601573,0.06501208823944435
TOI-6303 b,2491.7747077022505,98.52680604434919,0.08351642274331816,0.007442657847889664,543.3363103391357,12.62187331311585,0.076,0.001,0.64,0.02,0.61,0.02,3977.0,60.0,11.545250152866842,0.6725388438563208
TOI-6324 b,1.1696085362684032,0.2193016005503256,0.00943705082764888,0.001022613787075269,1321.2288110632103,36.02996530716846,0.00432,2.7e-05,0.269,0.012,0.293,0.01,3327.0,70.0,1.0590244994590865,0.04102486947523557
TOI-6330 b,3178.284065946748,95.34852197840243,0.033791250245632606,0.002674626187568249,505.4399516605081,10.540194543409644,0.0576,0.00075,0.53,0.02,0.49,0.01,3539.0,60.0,10.87271130901052,0.3362694219281604
TRAPPIST-1 b,0.858136697805622,0.731005335167752,0.0005274987498449445,5.793017264490729e-05,400.5983577170662,12.591288892642599,0.01111,0.00034,0.08,0.007,0.117,0.004,2560.0,55.0,1.0860381430206487,0.003474784026590991
TRAPPIST-1 c,1.3793752846208887,0.6038739725298821,0.0005274987498449445,5.793017264490729e-05,342.3746387165875,10.786145879248883,0.01521,0.00047,0.08,0.007,0.117,0.004,2560.0,55.0,1.0559980746617332,0.003474784026590991
TRAPPIST-1 d,0.4131769285730772,0.2701541456054736,0.0005274987498449445,5.793017264490729e-05,288.3724741044083,9.027693077904289,0.02144,0.000645,0.08,0.007,0.117,0.004,2560.0,55.0,0.7722987723616751,0.030264247973534438
TRAPPIST-1 e,0.6356568131893496,0.5720911318704146,0.0005274987498449445,5.793017264490729e-05,251.57885007454576,7.881334601672998,0.02817,0.0008500000000000001,0.08,0.007,0.117,0.004,2560.0,55.0,0.9180155218638779,0.03923143255828538
TRAPPIST-1 f,0.667439653848817,0.1811621917589646,0.0005274987498449445,5.793017264490729e-05,219.22226883392196,6.840678386365526,0.0371,0.0011,0.08,0.007,0.117,0.004,2560.0,55.0,1.0450132735454132,0.03811053448519151
TRAPPIST-1 g,1.3412358758295275,0.8899195384650894,0.0005274987498449445,5.793017264490729e-05,198.82827296371437,6.270796711177698,0.0451,0.0014,0.08,0.007,0.117,0.004,2560.0,55.0,1.1265025634593375,0.04147322870447312
WASP-101 b,158.9142032973374,1.2713136263786993,2.5048929273075453,0.23192231586883927,1573.8643157180206,635.6674724306259,0.0496,0.04,1.34,0.07,1.29,0.04,6400.0,110.0,15.244213794076607,0.44835922923754723
WASP-116 b,203.41018022059188,44.495976923254474,2.78387012477769,0.3347265471930379,1411.6154388767686,328.50935764858167,0.065,0.03,1.25,0.08,1.426,0.064,6250.0,125.0,13.67495649174519,0.6725388438563208
WASP-172 b,149.37935109949714,31.78284065946748,7.4191294266698415,1.009820875609532,1745.4979253397635,60.71183153693505,0.0694,0.001,1.49,0.07,1.91,0.1,6900.0,150.0,17.59809974757373,1.120898073093868
WASP-178 b,448.1380532984914,149.37935109949714,16.21706455575799,9.165457591523976,2366.937537580819,335.1045299038328,0.0558,0.001,1.93,0.15000000000000002,1.801,0.485,8640.0,370.0,21.74542261802104,0.6613298631253821
WASP-189 Ab,632.4785291234028,47.67426098920122,19.910989062885957,2.2756602258530747,2618.239645400985,79.00177545821431,0.05053,0.00098,1.887,0.057,2.33,0.12,7996.0,99.0,18.147339803389723,0.23538859534971232
WASP-33 Ab,889.9195384650893,168.44905549517765,5.609848274390024,0.6615094501353759,2681.0094457853843,79.9494628501241,0.02558,0.00023,1.495,0.031,1.444,0.034,7400.0,200.0,17.967996111694706,0.15692573023314152
WASP-34 b,184.34047582491135,286.0455659352073,0.8191344094564899,0.18529956186561075,1135.6116087622106,76.55905380591362,0.0545,0.004,1.01,0.07,0.93,0.1,5700.0,100.0,14.123315720982738,1.0088082657844812
